"Model1","Model2","t_statistic","p_value","cohen_d","Interpretation"
"chatgpt","llama",7.3180190171283,1.20117769585666e-06,0.461727836989242,"极显著差异 (p < 0.001)"
"chatgpt","qwen",9.06342443542168,6.41276580113517e-08,0.551908749844573,"极显著差异 (p < 0.001)"
"llama","qwen",5.94844882082523,1.58756272613319e-05,0.0926715338409105,"极显著差异 (p < 0.001)"
